{"cameraMode":{"drawMode":0,"name":"Shaded","section":"Shading Mode"},"sceneLighting":false,"audioPlay":false,"sceneViewState":{"m_AlwaysRefresh":false,"showFog":true,"showSkybox":false,"showFlares":true,"showImageEffects":true,"showParticleSystems":true,"showVisualEffectGraphs":true,"m_FxEnabled":true},"in2DMode":false,"pivot":{"x":1.058985710144043,"y":0.640454888343811,"z":4.1529998779296879},"rotation":{"x":-0.00208590948022902,"y":0.9529785513877869,"z":-0.30296528339385989,"w":-0.006560239475220442},"size":0.28927546739578249,"orthographic":false}