{"cameraMode":{"drawMode":0,"name":"Shaded","section":"Shading Mode"},"sceneLighting":true,"audioPlay":false,"sceneViewState":{"m_AlwaysRefresh":false,"showFog":true,"showSkybox":true,"showFlares":true,"showImageEffects":true,"showParticleSystems":true,"showVisualEffectGraphs":true,"m_FxEnabled":true},"in2DMode":false,"pivot":{"x":-6.847305774688721,"y":5.856029033660889,"z":1.9140691757202149},"rotation":{"x":0.044225774705410007,"y":0.9383062124252319,"z":-0.3170064687728882,"w":0.13090381026268006},"size":12.294411659240723,"orthographic":false}